{
  "0": 0.00427413007023314,
  "1": 0.3162523217383353,
  "2": 0.15371983811192202,
  "3": 0.24315432159460304,
  "4": 0.037722953037309104,
  "5": 0.8975220705968983,
  "6": 0.375791257421231,
  "7": 0.7744120675056851,
  "8": 0.18014687675586827,
  "9": 0.6965271655611447,
  "a": 0.7130347689830923,
  "b": 0.9043193921817434,
  "c": 0.8044725195391753,
  "d": 0.45526675832815955,
  "e": 0.7098879873643769,
  "f": 0.12909983109361045,
  "g": 0.5670099284330767,
  "h": 0.19422990156893838,
  "i": 0.03418882580868465,
  "j": 0.024862199623090664,
  "k": 0.6786948010034246,
  "l": 0.2777364165417653,
  "m": 0.04283235981745359,
  "n": 0.7526736917237424,
  "o": 0.5369814947185692,
  "p": 0.046440274561986516,
  "q": 0.10625381472197026,
  "r": 0.16281595523235848,
  "s": 0.5903580960522368,
  "t": 0.775724586147182,
  "u": 0.24608998712892238,
  "v": 0.9181953758898387,
  "w": 0.9391116078930852,
  "x": 0.4053979500593037,
  "y": 0.4881387852789534,
  "z": 0.9825672957650469,
  "A": 0.012533607096050003,
  "B": 0.8314449993868662,
  "C": 0.5925071538696618,
  "D": 0.5050872276667402,
  "E": 0.6509906874356459,
  "F": 0.4954936919721826,
  "G": 0.9046670496023916,
  "H": 0.08099598343782533,
  "I": 0.9715452248113712,
  "J": 0.29471035649705235,
  "K": 0.6586347945722124,
  "L": 0.7973591312504806,
  "M": 0.533585658345741,
  "N": 0.8762228064418498,
  "O": 0.17739919090500855,
  "P": 0.03713974577056578,
  "Q": 0.7467991839036774,
  "R": 0.4627957049931002,
  "S": 0.7398437802657931,
  "T": 0.7190684615836329,
  "U": 0.8810026519856344,
  "V": 0.12154057924790118,
  "W": 0.3278121564056513,
  "X": 0.4031392539658605,
  "Y": 0.5646289160154239,
  "Z": 0.6384528078169203
}